county,partiallycovered,ratepartiallycovered,fullycovered,ratefullycovered,Rate.O65Partial.Per.100K,Rate.O65Full.Per.100K,Rate.U65Partial.Per.100K,Rate.U65Full.Per.100K,Rate.HispanicPartial.Per.100K,Rate.HispanicFull.Per.100K,Rate.BlackPartial.Per.100K,Rate.BlackFull.Per.100K,Rate.NAPartial.Per.100K,Rate.NAFull.Per.100K,Rate.AsianPartial.Per.100K,Rate.AsianFull.Per.100K,Rate.PIPartial.Per.100K,Rate.PIFull.Per.100K,Rate.WhitePartial.Per.100K,Rate.WhiteFull.Per.100K,Compare.Partial.O65,Compare.Full.O65,Compare.Partial.U65,Compare.Full.U65,Compare.Partial.Hispanic,Compare.Full.Hispanic,Compare.Partial.Black,Compare.Full.Black,Compare.Partial.NA,Compare.Full.NA,Compare.Partial.PA,Compare.Full.PA,Compare.Partial.Asian,Compare.Full.Asian,Compare.Partial.White,Compare.Full.White
ADAMS,10560,10251.5,24930,24201.8,15067.838715841772,59354.09898719664,12479.653573293204,16859.125948220262,11605.937921727394,8394.062078272604,6176.470588235295,8823.529411764706,0,0,522.1932114882507,522.1932114882507,30000,23333.333333333332,9228.184258188405,21944.486874549937,TRUE,TRUE,TRUE,FALSE,TRUE,FALSE,FALSE,FALSE,FALSE,FALSE,TRUE,FALSE,FALSE,FALSE,FALSE,FALSE
ALLEGHENY,238955,19650.2,439556,36146.4,35888.36409731025,59854.74656618451,21312.35470671905,34145.28388192317,17514.379158678246,21672.117589564303,11281.956071653614,13452.493473760012,545.785324439054,848.9993935718617,468.7556340821404,917.6792990300364,115265.48672566372,150110.61946902654,18989.21605509442,31299.63774076826,TRUE,TRUE,TRUE,FALSE,FALSE,FALSE,FALSE,FALSE,FALSE,FALSE,TRUE,TRUE,FALSE,FALSE,FALSE,FALSE
ARMSTRONG,7191,11108.4,21329,32948.2,16723.289190875683,69153.43548498926,13358.477542769806,25215.697875067788,10476.190476190477,24190.47619047619,7135.016465422613,13282.107574094402,0,2057.61316872428,0,1766.7844522968198,70370.37037037036,51851.85185185185,10351.245209217228,26645.426872545464,TRUE,TRUE,TRUE,FALSE,FALSE,FALSE,FALSE,FALSE,FALSE,FALSE,TRUE,TRUE,FALSE,FALSE,FALSE,FALSE
BEAVER,16804,10250.8,48390,29518.9,11204.798822930225,45396.41220078094,14209.524179603255,21746.099593930325,12518.248175182482,15547.445255474451,5087.6779114571045,8351.02618542109,0,0,0,0,19200,21600,10332.263853390614,21803.115993256837,TRUE,TRUE,TRUE,FALSE,TRUE,FALSE,FALSE,FALSE,FALSE,FALSE,TRUE,FALSE,FALSE,FALSE,TRUE,FALSE
BEDFORD,3410,7120.8,9405,19639.6,10944.910616563298,46889.8212331266,7571.713349325945,13427.036523972025,11260.504201680673,12268.90756302521,1747.5728155339807,4271.844660194175,0,0,2641.509433962264,4905.660377358491,0,52941.17647058824,6589.863732106779,16485.40600954305,TRUE,TRUE,TRUE,FALSE,TRUE,FALSE,FALSE,FALSE,FALSE,FALSE,FALSE,TRUE,FALSE,FALSE,FALSE,FALSE
BERKS,62747,14898.5,101876,24189.2,24314.689952470435,55749.14336244059,16890.90177579442,20538.82866222995,8797.669894471434,7153.337028463369,8388.796450360509,11406.91440192272,642.5233644859813,467.28971962616816,1347.488770926909,1864.706682999864,63836.47798742138,48113.20754716981,15383.326407228173,25158.853573199995,TRUE,TRUE,TRUE,FALSE,FALSE,FALSE,FALSE,FALSE,FALSE,FALSE,TRUE,TRUE,FALSE,FALSE,TRUE,TRUE
BLAIR,9778,8026,32879,26987.8,10836.241031873604,59740.46340220331,8891.651400157027,22000.78513478147,6535.141800246609,16276.202219482122,3578.8228334812184,5323.868677905945,0,0,1382.8867761452032,864.3042350907521,26470.58823529412,26470.58823529412,6298.7573351743185,19173.282706247843,TRUE,TRUE,TRUE,FALSE,FALSE,FALSE,FALSE,FALSE,FALSE,FALSE,TRUE,FALSE,FALSE,FALSE,FALSE,FALSE
BRADFORD,3801,6301.1,12591,20872.6,8129.956116714143,48941.41196396951,7581.168388626884,16160.074148788268,9934.497816593886,23362.44541484716,3479.5763993948563,6656.580937972768,0,0,0,0,0,0,6066.432065917089,19287.61479701313,TRUE,TRUE,TRUE,FALSE,TRUE,TRUE,FALSE,FALSE,FALSE,FALSE,FALSE,FALSE,FALSE,FALSE,FALSE,FALSE
BUCKS,98496,15677.3,176215,28047.7,20577.753087474895,60488.013332763556,18156.462952151538,23817.5253028244,7611.776273931402,8670.25276187171,8165.589309039756,8979.468801286132,589.6635449184877,1699.618453000347,778.9568751411153,1806.276811921427,52953.58649789029,60970.464135021095,14464.635094717749,24895.090800884525,TRUE,TRUE,TRUE,FALSE,FALSE,FALSE,FALSE,FALSE,FALSE,FALSE,TRUE,TRUE,FALSE,FALSE,FALSE,FALSE
BUTLER,20922,11137.4,65632,34938,10953.933380581148,74585.40042523033,14692.892442576385,30279.770798102025,10576.595018764927,16137.836915728421,7479.224376731301,11726.685133887351,0,1117.31843575419,1522.8426395939086,2418.6324275903253,69565.21739130435,70434.78260869566,9977.907029171738,30812.36755489427,FALSE,TRUE,TRUE,FALSE,FALSE,FALSE,FALSE,FALSE,FALSE,FALSE,TRUE,TRUE,FALSE,FALSE,FALSE,FALSE
CAMBRIA,10868,8347.7,41084,31556.5,10612.079994613157,66507.30590532624,9738.289632717497,25200.414395303524,6578.34627683874,9867.519415258108,3494.983277591973,5819.397993311037,0,0,1018.3299389002037,3054.989816700611,7913.669064748201,12230.21582733813,7355.112890522447,26983.788395904434,TRUE,TRUE,TRUE,FALSE,FALSE,FALSE,FALSE,FALSE,FALSE,FALSE,FALSE,FALSE,FALSE,FALSE,FALSE,FALSE
CAMERON,301,6768.6,1532,34450.2,7067.424857839155,69861.90089358245,8574.69512195122,24352.134146341465,10169.49152542373,11864.406779661018,0,0,0,0,0,0,0,0,6646.525679758308,32698.117592377414,TRUE,TRUE,TRUE,FALSE,TRUE,FALSE,FALSE,FALSE,FALSE,FALSE,FALSE,FALSE,FALSE,FALSE,FALSE,FALSE
CARBON,9320,14521.2,18828,29335.3,18039.532662208832,62488.059372474105,16612.75587051532,23620.336304600114,10477.94117647059,14276.960784313726,12065.439672801636,12201.77232447171,0,0,0,0,0,18965.517241379308,13659.71902152575,27280.176166333793,TRUE,TRUE,TRUE,FALSE,FALSE,FALSE,FALSE,FALSE,FALSE,FALSE,FALSE,FALSE,FALSE,FALSE,FALSE,FALSE
CENTRE,19898,12253.6,53030,32657,11849.300322927878,77502.691065662,15081.01997236528,27375.95779424695,9675.456389452333,15496.957403651115,6571.0872162485075,18055.555555555555,1449.2753623188405,1288.244766505636,1042.7528675703857,808.1334723670491,47342.995169082125,74879.2270531401,9817.514307310224,27319.583918223372,FALSE,TRUE,TRUE,FALSE,FALSE,FALSE,FALSE,FALSE,FALSE,FALSE,TRUE,TRUE,FALSE,FALSE,FALSE,FALSE
CHESTER,137362,26164.7,152994,29142.3,39194.77387405317,63329.313836824054,29148.887993624674,26974.866273992022,13812.689437355135,11978.80848679351,14127.671865973427,13373.772385904102,1152.2633744855968,823.045267489712,1675.041876046901,1980.1387891840154,120383.69304556356,130695.44364508394,24248.488265455504,27964.48784925968,TRUE,TRUE,TRUE,FALSE,FALSE,FALSE,FALSE,FALSE,FALSE,FALSE,TRUE,TRUE,FALSE,FALSE,FALSE,FALSE
CLARION,2222,5780.7,10506,27332.3,8801.47349033022,65425.601894487576,6532.502795080658,21362.40217217697,4422.604422604422,11793.611793611793,1666.6666666666667,5606.060606060606,0,0,0,1408.4507042253522,31250,87500,4937.306188485911,23103.680733450183,TRUE,TRUE,TRUE,FALSE,FALSE,FALSE,FALSE,FALSE,FALSE,FALSE,TRUE,TRUE,FALSE,FALSE,FALSE,FALSE
CLEARFIELD,5369,6774.3,22938,28942,7670.052323791936,63268.69806094183,7660.616425045669,23502.66236542423,4347.826086956522,7494.824016563147,1574.8031496062993,27034.120734908134,0,0,1208.4592145015106,3172.2054380664654,0,0,5453.635305896041,22803.528424926266,TRUE,TRUE,TRUE,FALSE,FALSE,FALSE,FALSE,FALSE,FALSE,FALSE,FALSE,FALSE,FALSE,FALSE,FALSE,FALSE
CLINTON,2907,7524.8,9554,24730.8,8753.09661436829,62248.83016790531,9797.405509288918,18021.300448430495,7272.727272727272,10413.223140495867,3083.1099195710453,3351.2064343163543,0,0,0,0,0,0,6699.826049141118,19993.47684279191,TRUE,TRUE,TRUE,FALSE,FALSE,FALSE,FALSE,FALSE,FALSE,FALSE,FALSE,FALSE,FALSE,FALSE,FALSE,FALSE
COLUMBIA,6214,9565.3,21155,32564.2,11018.808777429467,73989.02821316614,11432.827483474537,25679.638767340097,9978.308026030369,15563.991323210414,5083.5654596100285,8704.73537604457,0,0,796.3594994311717,1365.1877133105802,31818.181818181816,38636.36363636363,9389.764103577132,30701.104581296197,TRUE,TRUE,TRUE,FALSE,TRUE,FALSE,FALSE,FALSE,FALSE,FALSE,TRUE,TRUE,FALSE,FALSE,FALSE,FALSE
CRAWFORD,6228,7359.2,23965,28317.7,7577.661032434901,63293.74143444495,9742.80937083169,22775.178943808827,16824.03433476395,16480.68669527897,10082.116788321167,9260.94890510949,0,0,0,1264.0449438202247,0,14634.146341463415,6854.6686186447,25253.715788690108,TRUE,TRUE,TRUE,FALSE,TRUE,FALSE,TRUE,FALSE,FALSE,FALSE,FALSE,FALSE,FALSE,FALSE,FALSE,FALSE
CUMBERLAND,49098,19378,68946,27211.6,33313.225757804255,59685.029191890906,21189.15857704785,23110.353275757,11267.605633802817,10649.02931100114,8115.327205593527,11084.924188860083,465.83850931677017,1708.0745341614909,330.4387919772535,1490.81687543226,29600,46400,15595.545332136446,23595.05909634949,TRUE,TRUE,TRUE,FALSE,FALSE,FALSE,FALSE,FALSE,FALSE,FALSE,TRUE,TRUE,FALSE,FALSE,FALSE,FALSE
DAUPHIN,42072,15117.6,72304,25980.7,24120.431574907245,60687.02290076335,18086.93992353598,21276.30906732988,7440.832834032354,6972.738166566806,8551.887754156396,11409.930865753526,0,865.8008658008658,571.8514531754574,1056.243272335845,36585.365853658535,41463.41463414634,15015.214752490063,25941.01442768697,TRUE,TRUE,TRUE,FALSE,FALSE,FALSE,FALSE,FALSE,FALSE,FALSE,TRUE,TRUE,FALSE,FALSE,FALSE,FALSE
DELAWARE,93259,16455.1,156569,27625.9,18952.623843693265,64748.85449987032,20640.8599592298,23712.683641633186,11609.510539799541,8517.236729740662,8187.985997087891,9038.384088726418,487.95364440378165,1006.4043915827997,1578.7670330249598,1146.5169605440026,246840.14869888476,111524.16356877323,15684.422062273321,26963.488416158933,TRUE,TRUE,TRUE,FALSE,FALSE,FALSE,FALSE,FALSE,FALSE,FALSE,TRUE,TRUE,FALSE,FALSE,FALSE,FALSE
ELK,2078,6947.5,10959,36639.9,7380.01811047389,75958.34591005131,8679.869748572039,30742.539902845245,8560.311284046693,21789.883268482492,3149.6062992125985,1968.503937007874,0,0,0,4000,26086.95652173913,0,5688.724988048897,30506.0438434747,TRUE,TRUE,TRUE,FALSE,TRUE,FALSE,FALSE,FALSE,FALSE,FALSE,TRUE,FALSE,FALSE,FALSE,FALSE,FALSE
ERIE,24156,8955.7,90003,33368.1,9486.57058630855,66852.27644939405,11774.319822162282,31013.594984884934,6655.31914893617,16527.659574468085,4660.307898259705,12851.405622489958,0,1803.6072144288578,2101.6949152542375,4305.084745762712,33204.6332046332,75289.5752895753,8332.932718571772,27418.65699364115,TRUE,TRUE,TRUE,FALSE,FALSE,FALSE,FALSE,FALSE,FALSE,FALSE,TRUE,TRUE,FALSE,FALSE,FALSE,FALSE
FAYETTE,9642,7458.6,41902,32413.3,11546.414190880401,69546.92204447347,8732.839266188797,25905.72226946908,11091.549295774648,31396.713615023476,4023.6686390532545,12781.065088757396,0,732.0644216691069,1788.1705639614856,2888.583218707015,5000,5357.142857142857,6522.721566658298,23767.679303707424,TRUE,TRUE,TRUE,FALSE,TRUE,FALSE,FALSE,FALSE,FALSE,FALSE,FALSE,FALSE,FALSE,FALSE,FALSE,FALSE
FOREST,378,5216,3605,49744.7,7459.926017262638,67447.59556103575,5361.62005785921,47540.983606557376,0,18989.89898989899,0,51061.007957559676,0,0,0,0,0,0,5953.292496171516,43836.14088820827,TRUE,TRUE,TRUE,FALSE,FALSE,FALSE,FALSE,TRUE,FALSE,FALSE,FALSE,FALSE,FALSE,FALSE,TRUE,FALSE
FRANKLIN,9796,6318.9,35250,22738,9339.610218593627,60791.41427442718,7656.266304914953,16218.303245330273,6412.516527104452,7216.835610401058,4251.651824188451,9307.670209709853,0,0,0,531.400966183575,10236.220472440944,17322.834645669293,5931.011115121427,21044.335265650665,TRUE,TRUE,TRUE,FALSE,TRUE,FALSE,FALSE,FALSE,FALSE,FALSE,TRUE,FALSE,FALSE,FALSE,FALSE,FALSE
FULTON,751,5168.6,2298,15815.6,6397.952655150352,43058.22136916187,5748.144866541145,9990.03211872854,5649.717514124294,4519.774011299435,0,7335.907335907336,0,0,0,0,0,0,4514.1380795177265,14575.857614468207,TRUE,TRUE,TRUE,FALSE,TRUE,FALSE,FALSE,FALSE,FALSE,FALSE,FALSE,FALSE,FALSE,FALSE,FALSE,FALSE
GREENE,3262,9002.8,9426,26015,18452.813726915807,59735.34971644613,9020.067870459592,20897.398299048975,5034.722222222223,17881.944444444445,1301.3698630136987,35000,0,0,0,0,0,0,8158.549071230072,20807.371654234314,TRUE,TRUE,TRUE,FALSE,FALSE,FALSE,FALSE,TRUE,FALSE,FALSE,FALSE,FALSE,FALSE,FALSE,FALSE,FALSE
HUNTINGDON,2739,6067.3,12434,27543,7958.771650196579,60142.386568908725,6824.441497500765,22200.68686456527,5502.645502645502,18201.0582010582,1082.024432809773,26108.202443280974,0,0,0,3233.256351039261,0,0,5260.846225172027,22988.141135132497,TRUE,TRUE,TRUE,FALSE,FALSE,FALSE,FALSE,FALSE,FALSE,FALSE,FALSE,FALSE,FALSE,FALSE,FALSE,FALSE
INDIANA,6755,8034.7,20333,24184.9,12075.172371712733,60705.35115016169,10334.029227557412,16269.527031891153,10877.513711151738,12888.482632541134,3797.94910748196,5013.292821876187,0,1685.3932584269662,1418.4397163120568,1684.3971631205675,118367.3469387755,24489.795918367345,7785.473676242383,19074.473587928795,TRUE,TRUE,TRUE,FALSE,TRUE,FALSE,FALSE,FALSE,FALSE,FALSE,TRUE,TRUE,FALSE,FALSE,FALSE,FALSE
JEFFERSON,3024,6963.7,13232,30470.9,10360.31102836491,71930.78523710437,7973.174366616989,24098.360655737706,6146.572104018913,13475.17730496454,1578.9473684210527,1578.9473684210527,0,0,0,4663.21243523316,0,0,5686.431876121234,25099.14077990747,TRUE,TRUE,TRUE,FALSE,FALSE,FALSE,FALSE,FALSE,FALSE,FALSE,FALSE,FALSE,FALSE,FALSE,FALSE,FALSE
JUNIATA,1790,7228.5,5594,22590.2,10058.338362502514,61637.497485415406,8841.483426320972,15267.476206104366,8687.068114511352,5528.134254689043,9745.762711864407,6779.661016949152,0,0,0,0,0,0,6866.4169787765295,20775.754444874943,TRUE,TRUE,TRUE,FALSE,TRUE,FALSE,TRUE,FALSE,FALSE,FALSE,FALSE,FALSE,FALSE,FALSE,FALSE,FALSE
LACKAWANNA,27760,13239.6,80255,38276.1,15277.876948708794,72831.13173866477,16393.578534820623,35583.35845643654,7806.976196087674,8679.0007070469,6890.547263681591,9328.358208955224,4596.273291925466,15403.726708074533,1982.1605550049553,3921.8462409740905,98742.13836477988,79874.213836478,11617.712518100732,35314.60060063445,TRUE,TRUE,TRUE,FALSE,FALSE,FALSE,FALSE,FALSE,FALSE,FALSE,TRUE,TRUE,FALSE,FALSE,FALSE,FALSE
LANCASTER,61280,11229.1,166638,30535.2,15615.711035034134,70638.15829933785,15647.94119985512,25244.485277878386,12298.545095233228,13123.104705441412,11376.235237406603,15248.65429420744,0,711.7437722419928,636.2098138747884,3032.148900169205,32625.994694960213,57029.17771883289,11877.251356727544,28463.456777329975,TRUE,TRUE,TRUE,FALSE,TRUE,FALSE,TRUE,FALSE,FALSE,FALSE,TRUE,TRUE,FALSE,FALSE,TRUE,FALSE
LAWRENCE,7207,8428.1,23702,27717.7,11597.733411004607,56585.288354604665,10054.30187332068,21974.408598109767,6888.720666161998,11355.034065102196,3481.012658227848,7172.995780590717,0,0,0,1525.4237288135594,12328.767123287671,15068.49315068493,6958.433910043347,20635.18141721536,TRUE,TRUE,TRUE,FALSE,FALSE,FALSE,FALSE,FALSE,FALSE,FALSE,TRUE,FALSE,FALSE,FALSE,FALSE,FALSE
LEBANON,14226,10032.9,35663,25151.5,13034.11786170407,61258.89436234264,13088.645041450241,19805.533578709597,9482.13734170699,8365.077730876146,6571.798188874515,9029.754204398449,0,0,554.6075085324233,4095.5631399317404,26984.126984126982,26190.47619047619,9560.597906286348,24359.820142011424,TRUE,TRUE,TRUE,FALSE,FALSE,FALSE,FALSE,FALSE,FALSE,FALSE,TRUE,TRUE,FALSE,FALSE,FALSE,FALSE
LEHIGH,70793,19168.6,119336,32312.5,25165.132999010013,76881.3801385981,23229.99563480071,28225.210704811794,12306.349088043953,9841.459129675572,12029.716737515395,12673.31452862421,724.200362100181,844.9004224502113,756.2338193214334,1165.0088567924786,68518.51851851853,62962.96296296296,21134.55922027424,38306.25476408671,TRUE,TRUE,TRUE,FALSE,FALSE,FALSE,FALSE,FALSE,FALSE,FALSE,TRUE,TRUE,FALSE,FALSE,TRUE,TRUE
LUZERNE,36622,11537.5,99809,31444.1,13225.260025013062,64509.94981556826,13903.71437987909,27650.018938369136,7996.569047910795,6817.79193726259,6057.692307692308,8935.897435897436,427.71599657827204,1796.4071856287424,978.6299181146395,1697.6233273417217,54326.92307692307,70673.07692307692,11276.000391351141,32751.785539575383,TRUE,TRUE,TRUE,FALSE,FALSE,FALSE,FALSE,FALSE,FALSE,FALSE,TRUE,TRUE,FALSE,FALSE,FALSE,TRUE
LYCOMING,10450,9223.4,32878,29018.8,14034.369885433714,69189.852700491,10847.742753922948,22482.832795565482,3697.334479793637,7910.576096302666,3835.332444839331,10158.44809714201,0,0,1157.1841851494696,1157.1841851494696,17857.14285714286,18750,8025.786437884737,22118.171683389075,TRUE,TRUE,TRUE,FALSE,FALSE,FALSE,FALSE,FALSE,FALSE,FALSE,TRUE,FALSE,FALSE,FALSE,FALSE,FALSE
MCKEAN,7792,19180.3,7578,18653.5,25917.115312382623,43095.02942281207,18276.50435245372,14600.676625993081,8934.707903780069,6643.757159221077,1371.036846615253,1113.9674378748928,0,0,0,1657.4585635359115,50000,0,15735.178897884567,14792.37398798642,TRUE,TRUE,FALSE,FALSE,FALSE,FALSE,FALSE,FALSE,FALSE,FALSE,TRUE,FALSE,FALSE,FALSE,FALSE,FALSE
MERCER,6997,6394.4,33348,30475.9,7641.55670619676,66811.42475363288,7597.894281387467,24013.845821013918,7026.713124274101,11498.257839721255,3292.5062557618858,14026.076649545636,0,0,0,719.4244604316547,7777.777777777778,17777.777777777777,5353.734252245374,23872.289979706242,TRUE,TRUE,TRUE,FALSE,TRUE,FALSE,FALSE,FALSE,FALSE,FALSE,TRUE,FALSE,FALSE,FALSE,FALSE,FALSE
MIFFLIN,3095,6708.1,12435,26951.8,10173.051915574673,65829.7489246774,8185.76075171666,19501.26490784243,6719.367588932806,8695.652173913044,3536.9774919614147,7073.954983922829,0,0,0,0,0,28571.42857142857,6473.844763303581,24216.472714947464,TRUE,TRUE,TRUE,FALSE,TRUE,FALSE,FALSE,FALSE,FALSE,FALSE,FALSE,TRUE,FALSE,FALSE,FALSE,FALSE
MONROE,21624,12699.8,40106,23554.2,15889.830508474575,57418.67140513942,15315.7353083466,18411.076024523474,9445.812368411662,10280.840737965242,9882.371769224614,10750.580139233416,0,0,235.10971786833858,235.10971786833858,19262.29508196721,13524.590163934427,13512.116375244868,26951.679605310892,TRUE,TRUE,TRUE,FALSE,FALSE,FALSE,FALSE,FALSE,FALSE,FALSE,TRUE,FALSE,FALSE,FALSE,TRUE,TRUE
MONTGOMERY,230552,27746.8,198920,23939.9,50810.5604446503,47765.850202980684,29185.096334058024,22103.605967463827,15955.77339564573,8054.257380599566,14931.589724497393,10901.433358153388,1559.1397849462364,3494.6236559139784,1804.7752808988764,3022.4719101123596,70496.08355091384,60443.86422976501,27788.210712523152,20799.817975554884,TRUE,TRUE,TRUE,FALSE,FALSE,FALSE,FALSE,FALSE,FALSE,FALSE,TRUE,TRUE,FALSE,FALSE,TRUE,FALSE
MONTOUR,1618,8875.5,8578,47054.3,7580.8538163001285,85433.37645536869,11888.111888111887,44923.43099938036,10338.345864661653,21992.48120300752,5741.626794258374,23923.444976076556,0,0,0,2034.4287949921752,90909.09090909091,409090.90909090906,8286.59308847476,44291.65912791749,FALSE,TRUE,TRUE,FALSE,TRUE,FALSE,FALSE,FALSE,FALSE,FALSE,TRUE,TRUE,FALSE,FALSE,FALSE,FALSE
NORTHAMPTON,66681,21842.2,95389,31245.9,31058.917059850333,68591.97041184909,24847.278363675046,26026.50214266176,15902.779426075811,11499.845719304074,11859.443631039532,12253.243802696017,0,0,446.64530536945335,504.9033886785125,42857.142857142855,31203.007518796992,22602.53838705215,32482.88144971642,TRUE,TRUE,TRUE,FALSE,FALSE,FALSE,FALSE,FALSE,FALSE,FALSE,TRUE,FALSE,FALSE,FALSE,TRUE,TRUE
NORTHUMBERLAND,7570,8333.1,28352,31209.9,12440.880115155252,65463.705531564876,9225.318764578986,25708.122139011175,6541.7781742491825,10734.463276836157,2323.9184840900966,15981.40865212728,0,0,0,1088.929219600726,17647.058823529413,27450.980392156864,7190.647396366579,27569.704040572396,TRUE,TRUE,TRUE,FALSE,FALSE,FALSE,FALSE,FALSE,FALSE,FALSE,TRUE,FALSE,FALSE,FALSE,FALSE,FALSE
PERRY,8104,17513.8,9743,21055.9,42442.33696288491,55216.016859852476,14675.351109301851,15465.771083519914,7767.944936086529,5014.749262536873,3869.0476190476193,3571.428571428571,0,0,0,0,0,13157.894736842105,11008.338269467353,17886.271472182983,TRUE,TRUE,FALSE,FALSE,FALSE,FALSE,FALSE,FALSE,FALSE,FALSE,FALSE,FALSE,FALSE,FALSE,FALSE,FALSE
PHILADELPHIA,35262,2226,64306,4059.6,3237.410071942446,7393.931009038924,2629.1188224646453,4266.777904824335,1156.750365808153,1224.6711919266454,1332.8083738031223,2209.470828817284,71.60474182512532,55.69257697509747,375.8668623659421,297.43183530197484,6353.05528612997,8874.878758486906,2879.326425250975,5136.448090240803,TRUE,TRUE,TRUE,TRUE,FALSE,FALSE,FALSE,FALSE,FALSE,FALSE,TRUE,TRUE,FALSE,FALSE,TRUE,TRUE
PIKE,7128,12772.1,12286,22014.4,21214.747124625806,43374.822750905936,13250.898389971988,17365.100025466174,6641.366223908918,7542.6944971537,7663.817663817664,9145.299145299145,0,0,0,513.874614594039,15277.77777777778,13888.888888888889,10654.8553487329,17268.44583987441,TRUE,TRUE,TRUE,FALSE,FALSE,FALSE,FALSE,FALSE,FALSE,FALSE,TRUE,FALSE,FALSE,FALSE,FALSE,FALSE
POTTER,1188,7188.7,2796,16918.8,12847.483095416981,36939.64437766091,8772.819472616633,10882.35294117647,16666.666666666664,15789.473684210525,0,0,0,0,0,0,0,0,7235.899033966968,12876.285447179805,TRUE,TRUE,TRUE,FALSE,TRUE,FALSE,FALSE,FALSE,FALSE,FALSE,FALSE,FALSE,FALSE,FALSE,TRUE,FALSE
SCHUYLKILL,19729,13956.7,41682,29486.6,24841.536489903363,64015.79439576045,13955.504189540596,24342.675527304247,8000.591540964212,9242.827565808931,2708.7576374745418,19674.134419551934,0,0,0,910.7468123861568,7692.307692307692,20879.12087912088,12332.220640070964,26915.505341705764,TRUE,TRUE,FALSE,FALSE,FALSE,FALSE,FALSE,FALSE,FALSE,FALSE,FALSE,FALSE,FALSE,FALSE,FALSE,FALSE
SNYDER,3787,9380.3,9458,23427.1,16516.634050880628,58630.136986301375,9746.122385986573,18130.256964271935,7314.285714285715,11085.714285714286,4640,6560.000000000001,0,0,0,0,0,0,7422.321521355087,19983.373168450587,TRUE,TRUE,TRUE,FALSE,FALSE,FALSE,FALSE,FALSE,FALSE,FALSE,FALSE,FALSE,FALSE,FALSE,FALSE,FALSE
SOMERSET,5603,7628.6,19941,27150.2,13725.965912537149,57160.18681385334,8083.472740531033,20958.263629734483,3978.779840848806,14588.859416445624,1093.815734118637,22086.663862010937,0,0,0,1361.8677042801557,11627.906976744185,41860.46511627907,7248.501573886422,21994.16440285743,TRUE,TRUE,TRUE,FALSE,FALSE,FALSE,FALSE,FALSE,FALSE,FALSE,TRUE,TRUE,FALSE,FALSE,FALSE,FALSE
SULLIVAN,1659,27349.2,1632,26904.1,50869.06141367323,52433.371958285046,19838.37330552659,18222.10636079249,15702.479338842975,8264.462809917355,0,0,0,0,0,0,0,0,27531.08348134991,23321.492007104796,TRUE,TRUE,FALSE,FALSE,FALSE,FALSE,FALSE,FALSE,FALSE,FALSE,FALSE,FALSE,FALSE,FALSE,TRUE,FALSE
SUSQUEHANNA,3273,8115.9,8921,22121.1,10054.461667364892,47203.60284876414,9665.352747164348,16386.45322178425,11731.0443490701,11444.921316165952,4607.046070460705,5420.054200542006,0,0,0,2100.840336134454,0,0,7398.299006045701,19002.971615944254,TRUE,TRUE,TRUE,FALSE,TRUE,FALSE,FALSE,FALSE,FALSE,FALSE,FALSE,FALSE,FALSE,FALSE,FALSE,FALSE
TIOGA,3041,7491.8,9427,23224.4,9302.32558139535,57661.0659841994,8836.447851780866,15911.994888995368,7089.55223880597,11567.164179104479,2554.027504911591,3143.4184675834967,0,0,0,0,0,19230.76923076923,5773.164246267131,16110.145223972184,TRUE,TRUE,TRUE,FALSE,FALSE,FALSE,FALSE,FALSE,FALSE,FALSE,FALSE,FALSE,FALSE,FALSE,FALSE,FALSE
UNION,4620,10284.3,11865,26411.9,20115.720792810538,60014.772867167296,10137.86976407489,21259.58342930473,3547.671840354767,6725.79453067258,2133.078637376632,3438.3954154727794,0,0,0,0,8045.977011494253,20689.655172413793,7897.50882182546,22768.2098277769,TRUE,TRUE,FALSE,FALSE,FALSE,FALSE,FALSE,FALSE,FALSE,FALSE,FALSE,FALSE,FALSE,FALSE,FALSE,FALSE
VENANGO,3375,6661,13273,26196,8651.421615511696,53073.64576993306,8547.143579373103,20879.676440849344,9660.10733452594,17889.08765652952,3267.9738562091507,5664.488017429194,0,0,0,1612.9032258064515,0,44444.444444444445,6060.1127368185425,18862.050019332128,TRUE,TRUE,TRUE,FALSE,TRUE,FALSE,FALSE,FALSE,FALSE,FALSE,FALSE,TRUE,FALSE,FALSE,FALSE,FALSE
WARREN,5270,13447,8489,21660.6,23819.006527270718,44241.61964819117,13004.37329812691,17621.090849079956,7189.5424836601305,20043.572984749455,3076.923076923077,5230.7692307692305,0,0,0,3321.0332103321034,0,16666.666666666664,12396.132741050431,18651.685393258427,TRUE,TRUE,FALSE,FALSE,FALSE,FALSE,FALSE,FALSE,FALSE,FALSE,FALSE,FALSE,FALSE,FALSE,FALSE,FALSE
WASHINGTON,34167,16516.6,68014,32878.4,28698.530447438847,64880.98032771492,17329.67744392399,28694.9236452264,15757.741847081392,22471.91011235955,8278.69763307034,12612.512501389043,0,0,849.1847826086956,2921.195652173913,31034.482758620692,38505.74712643678,14403.354817038608,27078.39103142779,TRUE,TRUE,TRUE,FALSE,FALSE,FALSE,FALSE,FALSE,FALSE,FALSE,TRUE,TRUE,FALSE,FALSE,FALSE,FALSE
WAYNE,5638,10977.2,15681,30530.9,16985.24074522139,52609.08137753044,12748.447204968943,25260.869565217392,5767.634854771784,10000,3287.3806998939554,14634.146341463415,0,0,1043.8413361169103,1461.3778705636742,0,20512.82051282051,10523.590706103165,26056.565918063556,TRUE,TRUE,TRUE,FALSE,FALSE,FALSE,FALSE,FALSE,FALSE,FALSE,FALSE,FALSE,FALSE,FALSE,FALSE,FALSE
WESTMORELAND,44473,12746.7,109762,31459.5,20952.691926105465,59860.34887663733,13927.710402437408,26058.01649641114,13370.216689718764,32549.562010142923,6639.588859416445,10071.286472148542,370.0962250185048,0,446.4285714285714,892.8571428571428,27753.30396475771,29955.947136563875,11343.744010514114,22689.617616009687,TRUE,TRUE,TRUE,FALSE,TRUE,TRUE,FALSE,FALSE,FALSE,FALSE,TRUE,FALSE,FALSE,FALSE,FALSE,FALSE
WYOMING,3213,11991.5,7822,29193.1,14978.204010462076,62214.47253705318,13536.656891495602,23478.005865102637,13487.475915221581,16184.971098265896,5769.2307692307695,6318.681318681319,0,0,0,3278.688524590164,0,0,10749.487843531368,25878.396660353294,TRUE,TRUE,TRUE,FALSE,TRUE,FALSE,FALSE,FALSE,FALSE,FALSE,FALSE,FALSE,FALSE,FALSE,FALSE,FALSE
YORK,48785,10863.9,124269,27673.3,16685.85757785113,68103.42621734347,14057.809566445603,21699.93024539047,9144.09657809869,9321.04226718799,7740.693196405648,11906.290115532734,0,456.43153526970957,649.7413067019612,1227.2891348814824,15841.584158415842,27722.772277227727,11022.458390199388,26855.04472565662,TRUE,TRUE,TRUE,FALSE,FALSE,FALSE,FALSE,FALSE,FALSE,FALSE,TRUE,TRUE,FALSE,FALSE,TRUE,FALSE
